﻿,course,institution,url,admission req,language req,deadline
0,Actuarial and Financial Mathematics,Technische Universität Kaiserslautern,https://www2.daad.de/deutschland/studienangebote/international-programmes/en/detail/4722/,Applicants have to hold a qualified BSc degree in Mathematics or Economathematics (equivalent to the correspondent study programmes in Kaiserslautern). Profound knowledge in probability theory and stochastic is required.,"Profound knowledge of the English language (e.g., TOEFL 550 paper-based/ 213 computer-based /80 internet-based)","Winter semester: 30 April<br>
(Early bird admission: 15 November)<br>
Summer semester: 31 October"
1,Applied Economics,University of Wuppertal,https://www2.daad.de/deutschland/studienangebote/international-programmes/en/detail/3956/,"A Bachelor's degree in an economics programme that ranks you amongst at least the top 65% of graduates of your cohort. If it is not possible to prove a relative grade, an overall grade (decimal grade) of at least ""2.5"" must be proven. However, the relative grade rather than the decimal grade always counts first!
At least 100 credit points (according to ECTS) of the Bachelor's programme must have been attained in the broader field of economics (e.g. business administration, economics, methods of economics, business informatics, business mathematics, business education). Of these 100 credit points, students must have attained at least 15 credit points in the field of business administration and at least another 15 credit points in the field of economics. Foreign credit point systems will be converted into ECTS.
In addition to a written thesis, at least 6 credit points must have been acquired through one or more term papers or seminar papers that meet scientific standards.","Proof of English language proficiency at a ""C1"" level of the Common European Framework of Reference for Languages (CEFR) or an equivalent recognised language examination (in particular TOEFL, IELTS, Cambridge Certificate) for applicants who are not native English speakers. Proof of sufficient English language skills is not required if the Bachelor's programme, which is a prerequisite for admission to the Master's programme, was entirely taught in the English language.
Proof of German language proficiency at least at an ""A2"" level of the Common European Framework of Reference for Languages (CEFR) is required for applicants who are not native German speakers. If A2 German skills cannot be proven at the time of the application, the applicant may still be accepted on a preliminary basis. Within the first two semesters of the applicant's studies, he or she must acquire the required language skills (A2) and document these skills in the form of a recognised language certificate.
The University of Wuppertal offers <a href=""https://www.uni-wuppertal.de/en/international/international-students/learn-and-improve-german/german-courses-to-prepare-for-studies/"" target=""_blank"" rel=""noreferrer noopener"">German language courses</a>.",Application deadlines:
2,Biological Resources MSc,Rhine-Waal University of Applied Sciences,https://www2.daad.de/deutschland/studienangebote/international-programmes/en/detail/4619/,"The minimum admission requirements for this degree programme are:<br>
1) A professionally qualifying first degree encompassing at least 210 total ECTS credit points or a standard period of study of seven full-time semesters in one of the following fields:<br>
a) natural sciences<br>
b) agricultural sciences<br>
c) economics<br><br>
2) A final cumulative grade for the aforementioned first degree of 2.5 or better according to the German grading scale or, alternatively, an ""A"" or a ""B"" on the ECTS grading scale, with a minimum of 10 ECTS in natural sciences, a minimum of 10 ECTS in agricultural or environmental sciences, and a total of 30 ECTS having been acquired in the following areas:<br>
a) mathematics/statistics<br>
b) chemistry<br>
c) biology<br>
d) economics and social sciences<br>
e) environmental sciences / agricultural sciences<br><br>
3) Proof of at least 20 weeks of practical work experience in a position closely tied to natural sciences or environmental sciences, or proof of a completed exchange semester
Please find more information about the admission requirements on our website:&nbsp;<a href=""https://www.hochschule-rhein-waal.de/en/academics/prospective-students/current-application-period/masters-programmes"" target=""_blank"" rel=""noreferrer noopener"">https://www.hochschule-rhein-waal.de/en/academics/prospective-students/current-application-period/masters-programmes</a>","Please note that for this degree programme, English language skills at level B2 according to the Common European Framework of Reference are required. Please be aware that all applicants' test report form numbers will be checked. The following certificates are accepted:
The TOEFL code of our university: 6962","All applicants: 15 July for the following winter semester<br>
All applicants: 15 January for the following summer semester"
3,"Business Administration, Specialisation in Entrepreneurship &amp; Innovation",Catholic University of Eichstätt-Ingolstadt,https://www2.daad.de/deutschland/studienangebote/international-programmes/en/detail/7005/,"<strong>Prerequisites</strong>
Applicants must have a first qualifying degree in the field of business studies, business administration, economics or a very similar field obtained at a university in Germany or abroad. This is not a MBA, but rather, it is a Master of Science programme.
Proof of prior knowledge in the following:
Each applicant must submit a strong, one-page statement of purpose essay (written either in German or in English) explaining why he/she wants to apply to this specific programme, including how it fits with his/her long-term goals. Specific questions to guide the essay are asked during the application process.
<strong>Number of study places</strong>
With regard to the number of study places for foreign students (non-EU), we can offer international students up to 25 % of the study places. Total number of places: 50
<strong>Documents</strong>
<a href=""https://www.ku.de/fileadmin/1907/Dokumente_degree_seeking/Study_at_the_KU_-_20_questions_and_answers.pdf"" target=""_blank"" rel=""noreferrer noopener"">You can download our <strong>brochure </strong>here</a> with the most frequently asked questions regarding your studies at the KU and in Germany. The brochure includes information regarding the requirements, preparation, financial issues and more.",,"Application periods:
December to January for the following summer semester<br>
April to June for the following winter semester
Application deadlines can be found on the programme website: <a href=""https://www.ku.de/en/study-offer/business-administration-entre-msc"" target=""_blank"" rel=""noreferrer noopener"">https://www.ku.de/en/study-offer/business-administration-entre-msc</a>."
4,Design Leadership (MSc),Technische Hochschule Ingolstadt,https://www2.daad.de/deutschland/studienangebote/international-programmes/en/detail/8309/,"Proof of Bachelor's degree in design (sciences), engineering sciences, or a degree in another related discipline at a German university with at least 210 ECTS credit points or an equivalent degree of a foreign university
&nbsp;",Proof of English proficiency at level B2 or higher,
5,Economic Behaviour &amp; Governance (EB&amp;Go),University of Kassel,https://www2.daad.de/deutschland/studienangebote/international-programmes/en/detail/4395/,"1) Students must hold a Bachelor's degree in Economics, Business Studies or a similar field of study.
2) In their Bachelor's studies, students must have
3) Students must have a good knowledge of the English language (see below).
4) Students who do not fully satisfy the above requirements may be admitted but the admission committee can impose additional requirements which must be fulfilled during the period of study up to completion of the Master's thesis.
Please note in particular: students who acquired only 180 ECTS credits (or equivalent) during their Bachelor's studies can be admitted if they fulfil the language requirements and have profound basic knowledge in economics and its methods. During their Master's studies, they are required to pass additional courses to make up for 30 ECTS credits.","Students must have good knowledge of the English language. Non-native speakers are required to hold an international language certificate at level B2 (CEFR) or equivalent.
<strong>Knowledge of German is&nbsp;not&nbsp;required</strong> for participation in the programme. However, German-speaking students can acquire up to two-thirds of the credits in German.","Students without a German degree:
Students with a German degree:"
6,Economics,University of Bayreuth,https://www2.daad.de/deutschland/studienangebote/international-programmes/en/detail/4461/,,"Applicants must prove that their <strong>English</strong> language skills meet at least level B2 according to the Common European Framework of Reference for Languages (CEFR Level B2, IELTS Band 7.0, TOEFL iBT 90, or TOEFL PBT 575; no CET). Applicants must provide proof of basic <strong>German</strong> language skills (CEFR Level A1) within one year after enrolment.","Non-EU applicants: 1 June for the following winter semester; 1 December for the following summer semester
EU applicants: 1 September for the following winter semester; 1 March for the following summer semester
<a href=""https://www.uni-bayreuth.de/en/master/economics#ee393a62"" target=""_blank"" rel=""noreferrer noopener"">https://www.uni-bayreuth.de/en/master/economics#ee393a62</a>"
7,Economics,Heinrich Heine University Düsseldorf,https://www2.daad.de/deutschland/studienangebote/international-programmes/en/detail/7757/,,"Sufficient knowledge of the English language must be proven. The following certificates will be accepted:
Bachelor degrees taught in English&nbsp;are not accepted as proof of sufficient English skills unless they are taught in a country in which English is an official language.","Winter semester: 1 June – 15 July
Summer semester: 15 January – 28 February"
8,Economics,Osnabrück University,https://www2.daad.de/deutschland/studienangebote/international-programmes/en/detail/7960/,"Applicants must have completed a Bachelor’s degree in a relevant subject. For a subject to count as relevant, it must have covered a minimum of 25 ECTS in economics and a minimum of 15 ECTS in methods. Applicants must also demonstrate proficiency in the English language. They are not required to demonstrate proficiency in the German language.
Applicants may apply to the programme before completing their Bachelor’s degree if they provide proof that they have completed at least 150 credit points.
International applicants with foreign certificates must apply via uni-assist.
All applications must include the following documentation:
The module descriptions are particularly important for applicants whose Bachelor's degree is not in core-economics.
Further information, including the admissions regulations in German, can be found on our <a href=""https://www.uni-osnabrueck.de/en/prospective-students/studiengaenge-a-z/economics-volkswirtschaftslehre-master-of-science/"" target=""_blank"" rel=""noreferrer noopener"">course website</a>.",Applicants must demonstrate English proficiency to at least level B2 of the Common European Framework of Reference (CEFR).,"Winter semester: 15 July<br>
Summer semester: 15 January
For the winter semester, application is possible starting around mid-May. For the summer semester, application is possible starting around mid-October."
9,"Economics and Finance, MSc",Rhine-Waal University of Applied Sciences,https://www2.daad.de/deutschland/studienangebote/international-programmes/en/detail/4226/,"<strong>Specific requirements for Economics and Finance MSc:</strong>
More information on general admission requirements can be found here:<br><a href=""https://www.hochschule-rhein-waal.de/en/academics/prospective-students/current-application-period/admission-requirements"" target=""_blank"" rel=""noreferrer noopener"">https://www.hochschule-rhein-waal.de/en/academics/prospective-students/current-application-period/admission-requirements</a>","Please note that for this degree programme, English language skills at Level B2 are required. Please be aware that all applicants' test report form numbers will be checked.<br>
Please check the university web page for details.<br>
The following certificates are accepted:
The TOEFL code of our university: 6962","All applicants: 15 July for the following winter semester<br>
All applicants: 15 January for the following summer semester"
10,Economics and Institutions (MSc),Philipps-Universität Marburg,https://www2.daad.de/deutschland/studienangebote/international-programmes/en/detail/4055/,"The course is designed as a consecutive programme for students with a BSc/BA in Economics or a BSc/BA with an Economics major.
At the time of application, students should have been awarded at least 144 ECTS points. Students who have studied another programme with a clear emphasis on Economics can also apply. In this case, the requirements are 90 ECTS in Economics courses (not business!) and research methods, particularly mathematics and statistics.","A precondition for successful application is a confident command of the English language (European language classification scheme C1 or better, which is roughly equivalent to IELTS: 7.0, TOEFL (Internet-based): 95 points, TOEIC: 945 points, ESOL: CAE).","Application deadline for the winter semester is 15 July.<br>
Application deadline for the summer semester is 15 January.
The online application system is available between 1 October and 15 January and between 1 April and 15 December. Submitting the application as early as possible is recommended for international students who require a visa for Germany. Applicants who submit their complete application no later than 5 November / 10 May are also eligible for accommodation in one of the university's residence halls."
11,Entrepreneurship (Master of Arts),Worms University of Applied Sciences,https://www2.daad.de/deutschland/studienangebote/international-programmes/en/detail/7161/,"For more details, please check the admission requirements on our <a href=""https://www.hs-worms.de/en/applying/how-to-apply-for-study-programs-in-english/"" target=""_blank"" rel=""noreferrer noopener"">website</a>.","Advanced English language skills are required. Evidence can generally be provided by one of the following:
For more details, please check the admission requirements on our <a href=""https://www.hs-worms.de/en/applying/how-to-apply-for-study-programs-in-english/"" target=""_blank"" rel=""noreferrer noopener"">website</a>.","15 July for the following winter semester<br>
15 January for the following summer semester
Additionally, please see our <a href=""https://www.hs-worms.de/en/applying/general-information/application-periods-and-deadlines/"" target=""_blank"" rel=""noreferrer noopener"">webpage</a>."
12,Finance (MSc),Schmalkalden University of Applied Sciences,https://www2.daad.de/deutschland/studienangebote/international-programmes/en/detail/8410/,"Academic degree in the fields of business, economics, management or related areas",Proof of English for non-native speakers: TOEFL with a score of at least 86 (Internet-based) points or IELTS with a score of at least 6.5,15 June for the following winter semester and 15 December for the following summer semester
13,Financial Services Management,Kaiserslautern University of Applied Sciences,https://www2.daad.de/deutschland/studienangebote/international-programmes/en/detail/4583/,"A prerequisite for admission to the Master's course of study is proof of a degree in an economics, business, management or finance course of study (210 ECTS) at a university of applied sciences and arts, a university or a similar institution of higher education. The course of study must include at least six semesters of theory.
Professional competence must be verified by relevant professional knowledge and competences, normally by a degree.<br>
Personal suitability requires a distinctive interest in the selected course of study and is recognised by the admission commission via a positive vote. The admission commission can base its decision on a selective conversation and may integrate the professional suitability when making its decision.<br>
The examination board may conditionally admit a student who holds less than 210 ECTS to the course of study if the applicant can provide proof of at least 180 ECTS. These conditions can be met by recognition of additional Bachelor's modules, additional study-abroad modules, work experience after completion of the Bachelor's degree or successful completion of additional modules at HS Kaiserslautern — University of Applied Sciences. The examination board informs the admitted student in writing about the conditions before the beginning of the Master's study programme. The conditions can be fulfilled in advance or during the study of the Master's modules. The conditions have to be fulfilled at the latest by the time the student wishes to register for the Master's degree.<br>
An applicant who has acquired an equivalent professional degree in another course of study may also apply for the Master's course of study. The examination board is responsible for determining the equivalence.","Applicants who are not native speakers of English need a comprehensive knowledge of English, at least at level B2; TOEIC Listening and Reading 785; TOEIC Speaking and Writing 310; TOEFL iBT 87; TOEFL ITP 543; IELTS 6.0; Cambridge English: First (FCE); Cambridge English: Business Vantage (BEC Vantage); LCCI EfB Level 2 (Distinction); LCCI EfB Level 3 (Pass) or equivalent",31 May for the following winter semester and 1 December for the following summer semester
14,Global Foresight and Technology Management,Technische Hochschule Ingolstadt,https://www2.daad.de/deutschland/studienangebote/international-programmes/en/detail/7635/,"1. Proof of Bachelor's degree in engineering, civil engineering, engineering sciences, engineering and management, industrial engineering, IT, natural sciences, economics, sociology and business administration or a degree in another related discipline at a German university with at least 210 ECTS credit points or an equivalent degree of a foreign university
2. Note that all foreign applicants must submit their Bachelor's degree to uni-assist, which verifies their eligibility and converts their grades to the German grade system. Following this, uni-assist will issue a so called preliminary inspection documentation (VPD), which you have to upload to the application portal.","Proof of English proficiency level B2 or higher
Students having acquired their university entrance qualification outside of Germany will have to prove a German level of A1 by the end of the first&nbsp;semester at THI at the latest. The language centre offers free German courses. However, we recommend that you start learning German before you start the programme.","1. Applicants with a Bachelor's degree from outside of Germany must first apply via <a href=""https://www.uni-assist.de/"" target=""_blank"" rel=""noreferrer noopener"">uni-assist</a> from as soon as possible until 15 June for the following winter semester and until 1 December for the following summer semester. If you have acquired your Bachelor's degree outside of Germany, uni-assist has to verify your eligibility to study in Germany and to convert your grades into the German grading system. You will have to submit all required documents to uni-assist online. The process takes four to six weeks. We recommend to apply as early as possible. You can apply at uni-assist before the THI application period starts.
2. <a href=""http://www.thi.de/go/online-application"" target=""_blank"" rel=""noreferrer noopener"">PRIMUSS</a> – THI application portal is open from 2 May until 15 July for the following winter semester and from 15 November to 15 January for the following summer semester. You will have to apply online at the PRIMUSS university application portal. In case of admission, you will have to send all required documents by mail later on.
Please note that application deadlines might change. Please check the <a href=""http://www.thi.de/go/international-applicants-m-en"" target=""_blank"" rel=""noreferrer noopener"">THI website</a> and the <a href=""https://www.uni-assist.de/"" target=""_blank"" rel=""noreferrer noopener"">uni-assist website</a> to get up-to-date information regarding the application period."
15,Global Management (MA),Hof University of Applied Sciences,https://www2.daad.de/deutschland/studienangebote/international-programmes/en/detail/4473/,,"Applicants must be proficient in <strong>English</strong>. This can be proven with one of the following:
In addition: Basic language skills in <strong>German</strong>, proven by official test score documents – minimum level of A1 according to CEFR (Common European Framework of Reference for Languages)","1. Application period for the winter semester:
2. Application period for the summer semester:
If you have acquired your university entrance certificate abroad, it has to be assessed by <a href=""https://www.uni-assist.de/en/"" target=""_blank"" rel=""noreferrer noopener"">uni-assist</a> before you send it to Hof University. We advise you to send your documents to uni-assist at least four weeks before the application deadline at Hof University.
On the following links, you will find more information on the <a href=""https://www.hof-university.com/services/application-and-admission/?L=0"" target=""_blank"" rel=""noreferrer noopener"">general entry requirements</a> and the <a href=""https://www.hof-university.com/studying-in-hof/full-time-programs/master/global-management-ma.html"" target=""_blank"" rel=""noreferrer noopener"">specific entry&nbsp;requirements</a>."
16,Global Trade Management (Master of Arts),Worms University of Applied Sciences,https://www2.daad.de/deutschland/studienangebote/international-programmes/en/detail/4064/,"For more details, please check the admission requirements on our <a href=""https://www.hs-worms.de/en/applying/how-to-apply-for-study-programs-in-english/"" target=""_blank"" rel=""noreferrer noopener"">website</a>.","Advanced English language skills are required. Evidence can generally be provided by one of the following:
For more details, please check the admission requirements on our <a href=""https://www.hs-worms.de/en/applying/how-to-apply-for-study-programs-in-english/"" target=""_blank"" rel=""noreferrer noopener"">website</a>.","15 July for the following winter semester<br>
15 January for the following summer semester
Additionally, please see our <a href=""https://www.hs-worms.de/en/applying/general-information/application-periods-and-deadlines/"" target=""_blank"" rel=""noreferrer noopener"">webpage</a>."
17,History of Global Markets (MA),University of Göttingen,https://www2.daad.de/deutschland/studienangebote/international-programmes/en/detail/6147/,<strong>Proof of relevance of previous studies</strong>,<strong>Proof of relevant language skills</strong>,"15 November (for the following summer semester)
15 May (for the following winter semester)"
18,International Business Administration,European University Viadrina,https://www2.daad.de/deutschland/studienangebote/international-programmes/en/detail/3731/,"Application for admission to the Master of International Business Administration requires a successfully completed Bachelor's degree in the fields of business administration and/or economics. Please note that the programme is a consecutive Master of Science programme and not an non-consecutive MBA.&nbsp;
Besides a Bachelor's degree in the fields of business administration and/or economics, admission into the Master's programme generally requires a minimum of 30 ECTS credits in mathematics, statistics, business informatics, microeconomics or macroeconomics.
International applicants, apply via uni-assist e.V.: <a href=""https://www.uni-assist.de/en/"" target=""_blank"" rel=""noreferrer noopener"">https://www.uni-assist.de/en/</a>
Forms to be submitted:
Applicants with a German degree have to apply directly to the matriculation office at the European University Viadrina. Please use the online application form:<a href=""http://www.study.europa-uni.de/en/wiwi/master/programme/iba/bewerbung/index.html"" target=""_blank"" rel=""noreferrer noopener""> http://www.study.europa-uni.de/en/wiwi/master/programme/iba/bewerbung/index.html</a>","<strong>English</strong><br>
A certificate of sufficient knowledge of the English language on the C1 level of the Common European Framework of Reference (CEFR) is needed as an admission prerequisite, which can be done by providing proof of having successfully passed one of the following equivalent exams:
Except for the above-mentioned tests and certificates, we do not accept any other language certificate. Please arrange for the language certificate to be sent directly from the test institute to the admissions office. Copies – notarised or not – will not be accepted. The language certificate may not be older than three years.
<strong>German</strong><br>
Foreign students who have gained permission to enter a university in a language other than German need to prove their knowledge of the German language by taking the DSH 2 (Deutsche Sprachprüfung für den Hochschulzugang ausländischer Studienbewerber) or an equivalent test (e.g., TestDaF with level 4 in all components). Students who already took the DSH but did not obtain the necessary level are allowed to improve their skills and re-take the DSH exam by the end of their first semester at the European University Viadrina. The Language Centre of the European University Viadrina offers adequate German courses and provides further concrete information: <a href=""http://www.sz.euv-frankfurt-o.de/de/lektorate/deutsch/"" target=""_blank"" rel=""noreferrer noopener"">http://www.sz.euv-frankfurt-o.de/de/lektorate/deutsch/</a><br>
Alternatively, students can be exempted from proof of German proficiency if they decide on the functionally-oriented study programme ""Information and Operations Management (IOM)"" or the ""General Management"" study option.",
19,International Business and Economics (MA),Schmalkalden University of Applied Sciences,https://www2.daad.de/deutschland/studienangebote/international-programmes/en/detail/3975/,"Academic degree in the fields of business, economics, management or related areas",Proof of English language ability for non-native speakers: TOEFL with a score of at least 86 (Internet-based) points or IELTS with a score of at least 6.5,15 June for the following winter semester and 15 December for the following summer semester
20,International Business Economics,Technische Universität Ilmenau,https://www2.daad.de/deutschland/studienangebote/international-programmes/en/detail/7694/,Formal requirements:,Applicants must provide proof of their proficiency in English at level C1 with one of the following certificates:,"Winter semester:
Summer semester:
Foreign applicants who need to apply for a visa to enter Germany should submit their application at least three months before the application deadline."
21,International Economic Policy (IEP),Julius-Maximilians-Universität Würzburg,https://www2.daad.de/deutschland/studienangebote/international-programmes/en/detail/5468/,"<a href=""https://www.wiwi.uni-wuerzburg.de/studium/master/international-economic-policy/"" target=""_blank"" rel=""noreferrer noopener"">www.wiwi.uni-wuerzburg.de/studium/master/international-economic-policy/</a>","<strong>Language requirements in English</strong><br>
The proof of skills in the English language should be at a level of B2 or:<br>
a) Test of English as a Foreign language (TOEFL) with at least 72 points (Internet-based TOEFL)<br>
b) International English Language Test System (IELTS) with a score of 6.0 or better<br>
c) Cambridge First Certificate in English (FCE)<br>
d) Bachelor's degree from an English-taught course
<strong>Language requirements in German</strong><br>
The minimum German language requirement for admission is a certificate at level A2.","For all applicants:<br>
15 July for the following winter semester<br>
15 January for the following summer semester"
22,"International Management &amp; Sustainability (MA), full-time",Ostbayerische Technische Hochschule Amberg-Weiden (OTH),https://www2.daad.de/deutschland/studienangebote/international-programmes/en/detail/6984/,"The International Management &amp; Sustainability Master's degree programme requires applicants to pass an aptitude test. You can apply for a place within the application period in the <a href=""https://www3.primuss.de/cgi-bin/bew_anmeldung_v2/index.pl?Session=&amp;FH=fhaw&amp;Email=&amp;Portal=1&amp;Language=en"" target=""_blank"" rel=""noreferrer noopener"">application portal of the OTH Amberg-Weiden</a>.
<strong>Please note:</strong> In some years, the application period is extended. Please check our website for last minute applications.
Applicants with a school-leaving certificate at a foreign school are advised to submit a certificate of recognition of the school-leaving certificate issued by a certified institution (e.g., <a href=""https://www.uni-assist.de/"" target=""_blank"" rel=""noreferrer noopener"">uni-assist</a>) by the end of the application period. The decision on admission to studies is made by the examination board.(IMPORTANT NOTE: An assessment of the degree can certainly be carried out before applying for a place at university. However, this assessment does not make an application to the OTH Amberg-Weiden unnecessary.)
The admission requirements for the Master's degree programme in International Management &amp; Sustainability can be found on the <a href=""https://www.oth-aw.de/en/study-programmes-and-educational-opportunities/study-programmes/master-degree-programs/international-management-sustainability-ims/program-international-management-sustainability/#access-and-admission-requirements"" target=""_blank"" rel=""noreferrer noopener"">website of the programme.</a>","A special feature of the programme is that it is held in English. Therefore, adequate knowledge of the English language must be demonstrated with a language certificate corresponding to level B2 according to the Common European Framework of Reference for Languages. One of the following English language tests with the specified minimum score is sufficient: TOEFL IBT – 80 / IELTS Cambridge – 6 / TOEIC – 780. Proof is not required if the university entrance qualification or university degree was obtained in English.
<strong>Proof of</strong> <strong>German language</strong> skills at level A2 must be submitted before you begin your studies, i.e. at the latest at the time of your official enrolment. This is obviously not required if your previous studies or university entrance qualification were completed in German. Accepted certificates are the Goethe certificate, telc, and ÖSD certificate. During the Master's programme, German language skills must be expanded to level B1 (e.g. through German courses, internships or independent study).","<strong>Winter semester application period</strong><br>
For the&nbsp;winter semester starting 1 October, you can apply&nbsp;from <strong>1 May until 15 July.</strong>
<strong>Summer semester application period</strong><br>
If you prefer to commence your studies in the summer semester, you can apply for admission&nbsp;from <strong>15 November until 15 January.</strong>"
23,"International Management and Psychology, MSc",Rhine-Waal University of Applied Sciences,https://www2.daad.de/deutschland/studienangebote/international-programmes/en/detail/4491/,"Admission to our Master's degree programme is subject to an application process.<br>
The formal entry requirements for the International Management and Psychology MSc programme include the following:
This degree programme has restricted admission. Please find more information on our website:&nbsp;<a href=""https://www.hochschule-rhein-waal.de/en/academics/prospective-students/current-application-period/masters-programmes"" target=""_blank"" rel=""noreferrer noopener"">https://www.hochschule-rhein-waal.de/en/academics/prospective-students/current-application-period/masters-programmes</a>","Please note that for this degree programme, English language skills at level B2 according to the Common European Framework of Reference are required. Please be aware that all applicants' test report form numbers will be checked. We will accept the following certificates (or equivalents):
The TOEFL code of our university: 6962","All applicants: 15 July for the following winter semester<br>
All applicants: 15 January for the following summer semester"
24,International Management of Forest Industries,Weihenstephan-Triesdorf University of Applied Sciences,https://www2.daad.de/deutschland/studienangebote/international-programmes/en/detail/4500/,,An English language certificate at a B2 level (CEFR) is required for the application.,Internet connection
25,"International Management, Marketing, Entrepreneurship (IMME)",Otto von Guericke University Magdeburg,https://www2.daad.de/deutschland/studienangebote/international-programmes/en/detail/3995/,"Applicants must provide proof of a Bachelor's degree in a relevant subject from a university recognised in Germany with <strong>a GPA from 1.0 up to 2.9 (according to the German grading system</strong>) to be eligible for the study programme.<br>
A degree is considered relevant if a required minimum number of credits in modules covering economics, business administration, <strong>and quantitative methods </strong>(advanced maths, statistics, econometrics, etc.) has been obtained.
Detailed information about admission requirements (i.e., relevant degree, letter of motivation, and <strong>English skills on a level C1</strong>) is available on the study programme's website:<a href=""https://www.isp.ovgu.de/IMMEProgramDetails.html"" target=""_blank"" rel=""noreferrer noopener""> IMME programme and admission details</a>.","Proof of <strong>advanced English skills on the C1 level</strong> is strictly required. A detailed and updated list of recognised test options (TOEFL, IELTS, GRE, GMAT) and minimum scores is available on the programme website:&nbsp;<a href=""https://www.isp.ovgu.de/IMMEApplication.html"" target=""_blank"" rel=""noreferrer noopener"">IMME admission and language requirements.</a>","International applicants:<br>
15 June for the following winter semester, and<br>
15&nbsp;December for the following summer semester"
26,International Marketing and Sales,Münster University of Applied Sciences,https://www2.daad.de/deutschland/studienangebote/international-programmes/en/detail/5247/,Bachelor's degree in Business Administration or Economics with ECTS grade B or a minimum mark of 2.3 (according to ECTS). Marks from foreign education systems should be converted using the ANABIN transformation guidelines. The ANABIN database is also relevant for the recognition of foreign education certificates.,"Certified English B2 level skills (vantage or upper intermediate) in the Common European Framework of Reference for Languages: Learning, Teaching, Assessment (abbreviated as CEFR or CEF)","Application periods:
March/April for the winter semester<br>
October/November for the summer semester"
27,International Master's in Biomedical Engineering (BME),Anhalt University of Applied Sciences,https://www2.daad.de/deutschland/studienangebote/international-programmes/en/detail/7599/,"Applicants must have a recognised first degree (Bachelor of Science or Engineering or equivalent, e.g. Dipl-Ing) in an engineering or medical discipline. Outstanding students with degrees in related fields such as physics, chemistry, or biology can also be admitted, with the expectation that they will compensate for deficiencies in engineering.","Students must provide proof of their proficiency in English (TOEFL iBT 90, IELTS 6.5 in all components).",15 January and 5 July annually
28,MA International Management &amp; Information Systems (IMIS),South Westphalia University of Applied Sciences,https://www2.daad.de/deutschland/studienangebote/international-programmes/en/detail/4411/,"210 ECTS credits from a Bachelor's degree in Business, Business Informatics, or a similar field of study with a final grade better than or equivalent to the German grade 2.5 or the ECTS grade ""B"" is required.
Proof of English language required (see ""language requirements"")","According to the examination regulation, applicants must provide proof of their English skills:","Non-EU applicants: 15 November for the following summer semester<br>
EU applicants: 31 January for the following summer semester"
29,MA International Tourism Development,Deggendorf Institute of Technology,https://www2.daad.de/deutschland/studienangebote/international-programmes/en/detail/4601/,,"Please find the language requirements for this degree course here: <a href=""https://www.th-deg.de/en/apply#language-requirements"" target=""_blank"" rel=""noreferrer noopener"">https://www.th-deg.de/en/apply#language-requirements</a>",15 November to 15 January for March entries (summer semester)
30,"Management of Textile Trade and Technology, Master of Science",Hochschule Niederrhein - University of Applied Sciences,https://www2.daad.de/deutschland/studienangebote/international-programmes/en/detail/4318/,"(In case of a Bachelor's degree with 180 credits, you have the possibility to earn an additional 30 credits during the Master's studies or by providing six months' practical experience in textile and clothing technology after graduation.)
<a href=""https://web.hs-niederrhein.de/faculties/textile-and-clothing-technology/prospective-students/#c23689"" target=""_blank"" rel=""noreferrer noopener"">https://web.hs-niederrhein.de/faculties/textile-and-clothing-technology/prospective-students/#c23689</a>","Applicants must provide proof of their English skills.<br>
English: TOEFL: 100 (internet-based) or IELTS band 7.0 or equivalent
If you have completed a Bachelor's programme taught in English, you need no additional proof but a confirmation from your university.","Winter semester:<br>
Non-EU applicants via uni-assist: 15 June<br>
EU applicants directly at Hochschule Niederrhein: 15 July<br><br>
Summer semester:<br>
Non-EU applicants via uni-assist: 15 December<br>
EU applicants directly at Hochschule Niederrhein: 15 January
In order to get a visa in time, applicants from non-EU countries should apply as early as possible."
31,Master in International Business (MIB),HTW Berlin University of Applied Sciences,https://www2.daad.de/deutschland/studienangebote/international-programmes/en/detail/3705/,"The International Business Master's programme follows consecutively from the International Business Bachelor's programme.<br>
Successful applicants for the Master's programme must:<br>
a) have successfully completed a first academic degree programme with 210 credits as a rule and<br>
b) have completed either an International Business Bachelor's degree or a Master's, Bachelor's or German ""Diplom"" degree in a related subject whose content is comparable with completion of three of the four following modules from the International Business Bachelor's programme:
c) provide evidence of ""advanced knowledge of English"" (details below)<br>
The selection committee will determine comparability for points b) and c). For b), the following applies: an applicant from a comparable programme as defined above is considered to have fulfilled these eligibility requirements if for at least 140 credits conformity with the modules of HTW Berlin's International Business Bachelor's programme is guaranteed.","Applicants are required to provide evidence of “C1” (proficient user) English language skills according to the Common European Framework of Reference for Languages (CEFR) in the form of <strong>one</strong> of the following tests:
The results of the language test should not be more than two years old. Evidence of language aptitude is not required for applicants whose mother tongue is English. In the case of applicants who can prove that they have studied a programme conducted in English at a foreign university for at least one year, the selection committee can waive the requirement for evidence of language aptitude.",15 December for the following summer semester
32,Master in International Marketing (MA),Technische Hochschule Nürnberg Georg Simon Ohm,https://www2.daad.de/deutschland/studienangebote/international-programmes/en/detail/4266/,Optional:,"English with a minimum test result of:
German:<br>
Basic knowledge of German: successful completion of A1 level as taught at the Goethe Institute (equivalent to approx. 120 hours of lectures attended)",15 June for the winter semester (semester start 1 October) and 15 January for the summer semester (semester start 15 March)
33,Master of Automotive Production Engineering (MAPE),Technische Hochschule Ingolstadt,https://www2.daad.de/deutschland/studienangebote/international-programmes/en/detail/4403/,"Bachelor's degree in production engineering, mechanical engineering, industrial engineering, planning or technology, mechatronics, automation technology or equivalent with at least 210 ECTS credits or equivalent degree requirements (a minimum of seven semester at a German university with a workload of 25-30 hours per ECTS).<br>
Also specific experiences in production related topics are required and checked in an aptitude test on the basis of documents provided by the applicant (NO interview). Production experiences can be collected within suitable internships, professional jobs, a Bachelor's thesis, and other project work.<br>
Applicants with a Bachelor's degree from a country other than Germany will have to send their documents to uni-assist for preliminary inspection documentation prior to their application at THI. Please allow several weeks for this process.","Applicants must provide proof of their English skills before registration: TOEFL 530 (paper-based) or 197 (computer-based) or 71 (Internet-based) or IELTS 6.0 or equivalent. Additionally, a proof of German language level A1 is required after the first semester.","Please note that due to the coronavirus situation, application deadlines might change. Please check the THI website to get up-to-date information regarding the application periods."
34,Master of Science in Business Mathematics,Friedrich Schiller University Jena,https://www2.daad.de/deutschland/studienangebote/international-programmes/en/detail/5322/,"Applicants should hold a Bachelor's or equivalent degree with above-average grades.
<strong>Mathematics is the most central part of our Business Mathematics programme. Applicants must have a strong mathematical background; they must have at least 100 credit points in advanced mathematics at a Bachelor's level with above-average grades. A Bachelor's or Master's degree in business administration or economics is typically not sufficient to be accepted.</strong>
Applicants with a first degree in mathematics have to prove sufficient knowledge in business and economics (at least 30 credit points).
Proficiency in at least one advanced programming language is required. You are not required to provide proof.","Knowledge of English of at least level B2 CEFR, which may be evaluated by means of an application interview.
International applicants without the required German proficiency skills can also be admitted if they focus on the two following fields of studies taught in English, namely:
The following fields of study require German language skills at the level DSH-2:","Application periods for international students:<br>
For the winter semester: 1 April to 15 July<br>
For the summer semester: 1 December to 15 January"
35,Master of Science in Economics,Kiel University,https://www2.daad.de/deutschland/studienangebote/international-programmes/en/detail/4275/,"Applicants are expected to hold a <strong>Bachelor's degree</strong> or a comparable university degree (minimum grade 2.5) with a regular period of university education of three years or more and 180 ECTS credit points or more.&nbsp;
In the <strong>180 credit points</strong>, the following needs to be contained:
Applicants with a minimum overall grade of 3.0 may also be eligible to the Master's programme in Economics if the weighted average grade (weighted with the credit points) from courses in economics and on quantitative methods is at least 2.5.
With regards to content and comparability an official module manual has to be submitted. In case of unavailability of an official manual, module descriptions approved by the offering institution of higher education are accepted. To avoid unnecessary paper piles, it is also allowed, to provide a link to an official online handbook. The module manual needs to be provided either in German or English.
<strong>Admission requirements can be found here:</strong> <a href=""https://www.wiso.uni-kiel.de/en/study/misc/info-inst-econ/application"" target=""_blank"" rel=""noreferrer noopener"">https://www.wiso.uni-kiel.de/en/study/misc/info-inst-econ/application</a><br><strong>and here:</strong> <a href=""https://www.wiso.uni-kiel.de/en/study/master/economics"" target=""_blank"" rel=""noreferrer noopener"">https://www.wiso.uni-kiel.de/en/study/master/economics</a>
<strong>We also provide an optional entry-level self test </strong>for your own assessment of knowledge that is required in our Master's programmes. Further Information can be found <a href=""https://www.wiso.uni-kiel.de/de/studium/master/unterpunkte/zugangsvoraussetzungen/Self-Entry-Level%20Test.pdf"" target=""_blank"" rel=""noreferrer noopener"">here</a>.
<strong>Recommended Literature</strong>
Please find a list of recommended literature <a href=""https://www.wiso.uni-kiel.de/de/studium/master/unterpunkte/zugangsvoraussetzungen/recommended-literature.pdf"" target=""_blank"" rel=""noreferrer noopener"">here</a>.",Proof of English language skills by,"Application period with a <strong>Bachelor's degree obtained in Germany&nbsp;</strong>via <strong>Kiel University</strong>:
Application period with a <strong>Bachelor's degree obtained in other countries&nbsp;</strong>via <strong>uni-assist</strong>:
Effectively, formalities for foreign applicants normally require at least three additional months, e.g., visa application, application for scholarships from the DAAD or elsewhere, etc."
36,Master of Science in Environmental and Resource Economics,Kiel University,https://www2.daad.de/deutschland/studienangebote/international-programmes/en/detail/4506/,"Applicants are expected to hold a <strong>Bachelor's degree</strong> or a comparable university degree (minimum grade 2.5) with a regular period of university education of three years or more and 180 ECTS credit points or more.
In the <strong>180 credit points</strong>, the following needs to be included:
Applicants with a minimum overall grade of 3.0 may also be eligible for the Master's programme in Environmental and Resource Economics if the weighted average grade (weighted with the credit points) from courses in economics and on quantitative methods is at least 2.5.
With regards to content and comparability, an official module manual has to be submitted. In case of unavailability of an official manual, module descriptions approved by the offering institution of higher education are accepted. To avoid unnecessary paper piles, it is also allowed to provide a link to an official online handbook. The module manual needs to be provided either in German or English.
<strong>Admission requirements can be found here:&nbsp;</strong><a href=""https://www.wiso.uni-kiel.de/en/study/misc/info-inst-econ/application"" target=""_blank"" rel=""noreferrer noopener"">https://www.wiso.uni-kiel.de/en/study/misc/info-inst-econ/application</a><br><strong>and here</strong>: <a href=""https://www.wiso.uni-kiel.de/en/study/master/environmental-resource"" target=""_blank"" rel=""noreferrer noopener"">https://www.wiso.uni-kiel.de/en/study/master/environmental-resource</a>
<strong>We also provide an optional self-test </strong>for your own assessment of knowledge that is required in our Master's programmes. Further information can be found <a class=""MIME-application MIME--pdf download-link"" href=""https://www.wiso.uni-kiel.de/de/studium/master/unterpunkte/zugangsvoraussetzungen/Self-Entry-Level%20Test.pdf"" target=""_blank"" rel=""noreferrer noopener"">here</a>.
<strong>Recommended Literature</strong>
Please find a list of recommended literature <a class=""MIME-application MIME--pdf download-link"" href=""https://www.wiso.uni-kiel.de/de/studium/master/unterpunkte/zugangsvoraussetzungen/recommended-literature.pdf"" target=""_blank"" rel=""noreferrer noopener"">here</a>.",Proof of English language skills by,"Application period with a <strong>Bachelor's degree obtained in Germany&nbsp;</strong>via <strong>Kiel University</strong>:
Application period with a <strong>Bachelor's degree obtained in other countries&nbsp;</strong>via <strong>uni-assist</strong>:
Effectively, formalities for foreign applicants normally require at least three more months, e.g. visa application, application for scholarships from the DAAD or elsewhere, etc."
37,Master of Science in Information Systems,University of Münster,https://www2.daad.de/deutschland/studienangebote/international-programmes/en/detail/4010/,,Applicants must provide proof of their English skills: level C1 of the Common European Framework of Reference for Languages.,"EU and Non-EU students:<br>
10 May to 15 July for the following winter semester<br>
10 November to 15 January for the following summer semester"
38,Master of Science in International Economics and Management,Paderborn University,https://www2.daad.de/deutschland/studienangebote/international-programmes/en/detail/4389/,"Academic admission requirements include a Bachelor's degree (or equivalent) in economics, business administration/management or a related subject. Equivalence will be assessed as part of the application procedure.<br>
Admission is based on the grading of the Bachelor's or equivalent degree. Applicants must either belong to the best 35% of their year or have finished the Bachelor's degree with a GPA from 2.5 up to 3.0 (depending on the course structure of the Bachelor's degree).<br>
A detailed description can be found on the following website:<br><a href=""https://wiwi.uni-paderborn.de/en/studienorganisation/studienangebot/master/msc-iem/application-information"" target=""_blank"" rel=""noreferrer noopener"">https://wiwi.uni-paderborn.de/en/studienorganisation/studienangebot/master/msc-iem/application-information</a>.","Applicants are required to prove proficiency in English. Proficiency must be documented in the form of: (a) a Bachelor's degree obtained in an English-speaking country or in an accredited German study programme taught in English; or (b) a language certificate with minimum level TOEFL 87 points (Internet-based); or (c) equivalent proficiency, e.g. Business English Certificate (BEC): BEC Vantage — level B2, Cambridge First Certificate (Grade A) or IELTS (International English Language Testing System) Band 6.5.
Students are required to prove proficiency in German. This is not a prerequisite for admission into the programme. However, students must prove minimum proficiency at level A2 CEFR before concluding the Master's programme. Required proficiency can be acquired at the University of Paderborn in German courses of 240 hours in duration. The courses can be taken as part of the ""General Elective"" (Studium Generale) elective module.","Non-EU applicants:<br>
15 March for the following winter semester<br>
15 September for the following summer semester
For detailed information, see:<br><a href=""https://www.uni-paderborn.de/en/studies/international-students/application-for-admission-terms/application-for-admission-procedure-and-documents"" target=""_blank"" rel=""noreferrer noopener"">https://www.uni-paderborn.de/en/studies/international-students/application-for-admission-terms/application-for-admission-procedure-and-documents</a>
EU applicants:<br>
Current information can be found on the website of the registrar's office: <a href=""https://wiwi.uni-paderborn.de/en/studienorganisation/studienangebot/master/msc-iem/application-information"" target=""_blank"" rel=""noreferrer noopener"">https://wiwi.uni-paderborn.de/en/studienorganisation/studienangebot/master/msc-iem/application-information</a>"
39,Master of Science in Quantitative Economics,Kiel University,https://www2.daad.de/deutschland/studienangebote/international-programmes/en/detail/4274/,"Applicants are expected to hold a <strong>Bachelor's degree</strong> or a comparable university degree (minimum grade 2.5) with a regular duration of university education of three years or more, and with 180 ECTS credit points or more.
In the <strong>180 credit points</strong>, the following needs to be contained:
Applicants with a minimum overall grade of 3.0 may also be eligible to participate in the Master's programme in Quantitative Economics if the weighted average grade (weighted with the credit points) in courses on economics and quantitative methods is at least 2.5.
With regards to content and comparability, an official module manual has to be submitted. In case of unavailability of an official manual, module descriptions approved by the offering institution of higher education are accepted. To avoid unnecessary paper piles, it is also allowed to provide a link to an official online handbook. The module manual needs to be provided either in German or English.
<strong>Admission requirements can be found here:</strong> <a href=""https://www.wiso.uni-kiel.de/en/study/misc/info-inst-econ/application"" target=""_blank"" rel=""noreferrer noopener"">https://www.wiso.uni-kiel.de/en/study/misc/info-inst-econ/application</a><br><strong>and here:</strong>&nbsp;<a href=""https://www.wiso.uni-kiel.de/en/study/master/quantitative-economics"" target=""_blank"" rel=""noreferrer noopener"">https://www.wiso.uni-kiel.de/en/study/master/quantitative-economics</a>
<strong>We also provide an optional entry-level self test </strong>for your own assessment of knowledge that is required in our Master's programmes. Further information can be found <a class=""MIME-application MIME--pdf download-link"" href=""https://www.wiso.uni-kiel.de/de/studium/master/unterpunkte/zugangsvoraussetzungen/Self-Entry-Level%20Test.pdf"" target=""_blank"" rel=""noreferrer noopener"">here</a>.
<strong>Recommended Literature</strong>
Please find a list of recommended literature <a class=""MIME-application MIME--pdf download-link"" href=""https://www.wiso.uni-kiel.de/de/studium/master/unterpunkte/zugangsvoraussetzungen/recommended-literature.pdf"" target=""_blank"" rel=""noreferrer noopener"">here</a>.",Proof of English language skills by,"Application period with a <strong>Bachelor's degree obtained in Germany</strong>&nbsp;via <strong>Kiel University</strong>:
Application period with a <strong>Bachelor's degree obtained in other countries</strong>&nbsp;via <strong>uni-assist</strong>:
Effectively, formalities for foreign applicants normally require at least three more months, e.g. visa application, application for scholarships from the DAAD or elsewhere, etc."
40,Master of Science in Quantitative Finance,Kiel University,https://www2.daad.de/deutschland/studienangebote/international-programmes/en/detail/4287/,"Applicants are expected to hold a <strong>Bachelor's degree</strong> or a comparable university degree (minimum grade 2.5) with a regular duration of university education of three years or more, and with 180 ECTS credit points or more.
In the <strong>180 credit points</strong>, the following needs to be included:
Applicants with a minimum overall grade of 3.0 may also be eligible to participate in the Master's programme in Quantitative Finance if the weighted average grade (weighted with the credit points) from courses in economics and on quantitative methods is at least 2.5.
The programme also welcomes applications from students in fields such as mathematics, physics or computer science who have a proven interest in financial topics.
With regards to content and comparability an official module manual has to be submitted. In case of unavailability of an official manual, module descriptions approved by the offering institution of higher education are accepted. To avoid unnecessary paper piles, it is also allowed to provide a link to an official online handbook. The module manual needs to be provided either in German or English language.
<strong>Admission requirements can be found here:</strong> <a href=""https://www.wiso.uni-kiel.de/en/study/misc/info-inst-econ/application"" target=""_blank"" rel=""noreferrer noopener"">https://www.wiso.uni-kiel.de/en/study/misc/info-inst-econ/application</a><br><strong>and here:</strong> <a href=""https://www.wiso.uni-kiel.de/en/study/master/quantitative-finance"" target=""_blank"" rel=""noreferrer noopener"">https://www.wiso.uni-kiel.de/en/study/master/quantitative-finance</a>
<strong>We also provide an optional entry-level self test </strong>for your own assessment of knowledge that is required in our Master's programmes. Further information can be found <a href=""https://www.wiso.uni-kiel.de/de/studium/master/unterpunkte/zugangsvoraussetzungen/Self-Entry-Level%20Test.pdf"" target=""_blank"" rel=""noreferrer noopener"">here</a>.
<strong>Recommended Literature</strong>
Please find a list of recommended literature <a href=""https://www.wiso.uni-kiel.de/de/studium/master/unterpunkte/zugangsvoraussetzungen/recommended-literature.pdf"" target=""_blank"" rel=""noreferrer noopener"">here</a>.",Proof of English language skills by,"Application period with a <strong>Bachelor's degree obtained in Germany&nbsp;</strong>via <strong>Kiel University</strong>:
Application period with a <strong>Bachelor's degree obtained in other countries&nbsp;</strong>via <strong>uni-assist</strong>:
Effectively, formalities for foreign applicants normally require at least three additional months, e.g. visa application, application for scholarships from the DAAD or elsewhere, etc."
41,Master of Sustainable Mining and Remediation Management (MoRe),TU Bergakademie Freiberg,https://www2.daad.de/deutschland/studienangebote/international-programmes/en/detail/4446/,"Bachelor's degree (at least seven semesters) in geoengineering, mining, geoscience, or a related field","Applicants must provide proof of sufficient English proficiency: TOEFL 90 (Internet-based), or International English Language Test System (IELTS) at least 6.5 or equivalent. This test can be waived if an applicant can demonstrate that his or her previous educational achievement was taught entirely in English.","15 April for a start in the winter semester (recommended)<br>
15 October for a start in the summer semester (not recommended)
Please note: Starting in the summer semester is possible, but it may lead to an extension of your study time!
Information on how to apply: <a href=""https://tu-freiberg.de/en/studies/sustainable-mining-and-remediation-management-master"" target=""_blank"" rel=""noreferrer noopener"">https://tu-freiberg.de/en/studies/sustainable-mining-and-remediation-management-master</a>"
42,Master's in International Finance and Economics (MSc),Technische Hochschule Nürnberg Georg Simon Ohm,https://www2.daad.de/deutschland/studienangebote/international-programmes/en/detail/3596/,"<strong>Please refer to our <a href=""https://www.th-nuernberg.de/en/faculties/bw/study/international-business-bachelors-and-masters-degree-programs/international-finance-and-economics-msc/admission-process/"" target=""_blank"" rel=""noreferrer noopener"">website</a> for details on the admission requirements as well as <a href=""https://www.th-nuernberg.de/en/faculties/bw/study/international-business-bachelors-and-masters-degree-programs/international-finance-and-economics-msc/faqs/"" target=""_blank"" rel=""noreferrer noopener"">frequently asked questions</a>.</strong>","<strong>English </strong>– minimum test results (C1 level):
<strong>German:</strong>
Please refer to our <a href=""https://www.th-nuernberg.de/en/faculties/bw/study/international-business-bachelors-and-masters-degree-programs/international-finance-and-economics-msc/admission-process/"" target=""_blank"" rel=""noreferrer noopener"">website </a>for details.","Please visit our <a href=""https://www.th-nuernberg.de/en/faculties/bw/study/international-business-bachelors-and-masters-degree-programs/international-finance-and-economics-msc/admission-process/"" target=""_blank"" rel=""noreferrer noopener"">admissions website.</a>"
43,Master's in International Management,"Hochschule Wismar - University of Applied Sciences, Technology, Business and Design",https://www2.daad.de/deutschland/studienangebote/international-programmes/en/detail/6210/,"There are several routes to enter the programme, depending on previous qualifications and national origin. The requirements common to all routes are:
Candidates who fulfil all these requirements and also have 210 or more ECTS (European Credit Transfer System) points in the Bachelor's degree and whose average mark is 2.0 or better may be automatically admitted on application.&nbsp;
Candidates who are citizens of the European Union but have either an average mark of between 2.1 and 2.5 or do not have 210 ECTS points in the Bachelor's degree must prove special suitability. All candidates with a Bachelor's degree from outside the European Union must prove special suitability.
All candidates who wish to prove special suitability may do this on the basis of a mix of several of the following criteria:
The closer the average mark is to 2.5, the more proofs of special suitability will be required. Candidates with an average mark of 2.3 or better need relatively few points for special suitability. All claims of special suitability must be documented by providing written confirmation from the training firm, university, scholarship provider, socially useful organisation or employer.","Candidates whose mother tongue is not English need to present either an Internet-based TOEFL test score of at least 80 points or an IELTS score of 6.0 or better.
Applicants whose mother tongue is English are exempted.","We supply our students with access to various learning platforms, particularly Teams, Zoom and Big Blue Button as well as our internal platforms. We recommend the students to access these via a laptop computer of their own with an adequate sound system. We do not supply laptop computers. Students in the residences affiliated to the university have Internet access included in the room rental price, and access is free to students on the university campus."
44,Master's in Management &amp; Technology (MSc),Technical University Munich,https://www2.daad.de/deutschland/studienangebote/international-programmes/en/detail/4837/,"To qualify for the Master's programme in Management &amp; Technology, applicants must fulfil the following requirements:
In addition, a GMAT Score of at least 640 points is required if you have obtained your first degree (usually a Bachelor’s degree) in China, Egypt, India, Pakistan, or Bangladesh.
If you did not obtain your first degree (usually a Bachelor’s degree) in a country within the European Union (as well as Norway, Iceland, Switzerland and Lichtenstein), you have to apply via&nbsp;<a href=""https://www.tum.de/nc/en/studies/application/uni-assist/"" target=""_blank"" rel=""noreferrer noopener"">uni-assist</a>&nbsp;in addition to TUMonline. Please also apply via TUMonline starting 1 April for the following winter semester or 1 November for the following summer semester.
Check our <a href=""https://www.mgt.tum.de/programs/master-in-management-technology/how-to-apply"" target=""_blank"" rel=""noreferrer noopener"">website </a>for detailed application requirements.","Applicants must also be able to prove that they are proficient in the English language at the time of application. In addition to&nbsp;<a href=""https://www.tum.de/nc/en/studies/application/university-admission/languagecertificates/"" target=""_blank"" rel=""noreferrer noopener"">accepted English language proficiency certificates across TUM</a>&nbsp;study programmes, applicants can prove their English language knowledge with a previous university degree that was taught and assessed in English entirely or at least 12 ECTS thereof, including your final thesis.
Please note that it is not necessary to prove any knowledge in the German language at the time of application. However, as a foreign student, you are required to provide proof of basic German language proficiency (comparable to A1 level) by the end of the second semester.","The application period for the winter semester runs from 1 April until 31 May (national and international applicants).
The application period for the summer semester runs from 1 November until 30 November (national and international applicants)."
45,Mathematical Finance and Actuarial Science,Technical University Munich,https://www2.daad.de/deutschland/studienangebote/international-programmes/en/detail/3873/,"Applicants must hold a Bachelor's degree in mathematics or an equivalent qualification in a similar field of study.<br>
Applicants are qualified if they can show proof of academic achievements that are equivalent to the qualification obtained in the Bachelor's degree programme in mathematics offered by TUM and that meet the requirements of the respective Master's degree programme.","If you have not completed your education officially in English or German, you must provide proof of sufficient language skills in English or German. Please refer to the main university website to find out which English or German language certificates are acceptable: <a href=""https://www.tum.de/en/studies/application-and-acceptance/university-admission/language-certificates/"" target=""_blank"" rel=""noreferrer noopener"">https://www.tum.de/en/studies/application-and-acceptance/university-admission/language-certificates/</a>","1 January until 31 May&nbsp;for the winter semester<br>
1 October until 30 November for the summer semester"
46,North American Studies (NAS),University of Bonn,https://www2.daad.de/deutschland/studienangebote/international-programmes/en/detail/7745/,"Every year, we admit up to 30 new students to our MA programme who come to Bonn from a variety of countries and with a diverse range of qualifications, training, and cultural backgrounds. Successful candidates have completed an accredited BA programme in a field that will provide a solid basis for the MA North American Studies. Your degree may be in literary, cultural, or media studies, linguistics, political science, economics, history, or postcolonial studies. Preferably, your educational background will include a special attention to North America and its cultures or a BA thesis with a focus on North America.
Your application should include the following:
See <a href=""https://www.nas.uni-bonn.de/degree%20programs/m.a.-north-american-studies-1"" target=""_blank"" rel=""noreferrer noopener"">this page</a> for more information about application and admission requirements.",,"We admit students in autumn as well as in the spring. You can apply during two application phases in <strong>May and July</strong> (to enter the programme in October) and in <strong>December and January</strong> (to enter the programme in April). A link on our website directs you to the online application portal:
<a href=""https://www.nas.uni-bonn.de/degree%20programs/m.a.-north-american-studies-1/how-to-apply"" target=""_blank"" rel=""noreferrer noopener"">https://www.nas.uni-bonn.de/degree%20programs/m.a.-north-american-studies-1/how-to-apply</a>"
47,"Sustainable Development Management, MA",Rhine-Waal University of Applied Sciences,https://www2.daad.de/deutschland/studienangebote/international-programmes/en/detail/4687/,"<strong>Specific requirements for the Sustainable Development Management MA programme:</strong>
More information on general admission requirements can be found here: <a href=""https://www.hochschule-rhein-waal.de/en/academics/prospective-students/current-application-period/admission-requirements"" target=""_blank"" rel=""noreferrer noopener"">https://www.hochschule-rhein-waal.de/en/academics/prospective-students/current-application-period/admission-requirements</a>","Please note that for this degree programme, English language skills at level B2 according to the Common European Framework of Reference are required. Please be aware that all applicants' test report form numbers will be checked. The following certificates are accepted:
The TOEFL code of our university: 6962","All applicants: 15 July for the following winter semester<br>
All applicants: 15 January for the following summer semester"
48,Sustainable Water Management and Engineering,Hof University of Applied Sciences,https://www2.daad.de/deutschland/studienangebote/international-programmes/en/detail/7220/,"For admission in this Master's programme, you need to fulfil the following admission criteria:
Applicants with less than 210 credits have to gain the missing credits. For this, there are three options:","Applicants must be <strong>proficient in English</strong>. This can be proven with one of the following options:
In addition: <strong>Basic language skills in</strong> <strong>German</strong>, proven by official test score documents – <strong>minimum A1 level</strong> according to CEFR (Common European Framework of Reference for Languages)",Application period for
